{
  "signature_dct": [
    [
      0.5766547918319702,
      0.19798265397548676,
      0.09454896301031113,
      0.0,
      0.0,
      0.0,
      0.0,
      0.0
    ],
    [
      -0.06645794957876205,
      -0.07494183629751205,
      0.3954624533653259,
      0.0,
      0.0,
      0.0,
      0.0,
      0.0
    ],
    [
      0.5532521605491638,
      0.2276339828968048,
      -0.3082273304462433,
      0.0,
      0.0,
      0.0,
      0.0,
      0.0
    ],
    [
      0.0,
      0.0,
      0.0,
      0.0,
      0.0,
      0.0,
      0.0,
      0.0
    ],
    [
      0.0,
      0.0,
      0.0,
      0.0,
      0.0,
      0.0,
      0.0,
      0.0
    ],
    [
      0.0,
      0.0,
      0.0,
      0.0,
      0.0,
      0.0,
      0.0,
      0.0
    ],
    [
      0.0,
      0.0,
      0.0,
      0.0,
      0.0,
      0.0,
      0.0,
      0.0
    ],
    [
      0.0,
      0.0,
      0.0,
      0.0,
      0.0,
      0.0,
      0.0,
      0.0
    ]
  ],
  "temporal_signature": [
    0.0,
    0.2079116851091385,
    0.4067366421222687,
    0.5877852439880371,
    0.7431448101997375,
    0.8660253882408142,
    0.9510565400123596,
    0.9945219159126282,
    0.9945219159126282,
    0.9510565400123596,
    0.8660253882408142,
    0.7431448101997375,
    0.5877852439880371,
    0.4067366421222687,
    0.2079116851091385,
    5.665538686387998e-16,
    -0.2079116851091385,
    -0.4067366421222687,
    -0.5877852439880371,
    -0.7431448101997375,
    -0.8660253882408142,
    -0.9510565400123596,
    -0.9945219159126282,
    -0.9945219159126282,
    -0.9510565400123596,
    -0.8660253882408142,
    -0.7431448101997375,
    -0.5877852439880371,
    -0.4067366421222687,
    -0.2079116851091385
  ],
  "epsilon": 0.08405469855172425,
  "frequency_band": "low",
  "temporal_period": 30,
  "seed": 42
}