{
  "seed": 23223849208923586641069166003223873991230610803740827142106449736683237946944,
  "epsilon": 0.03,
  "temporal_period": 30,
  "temporal_signature": [
    0.0,
    0.21497044021102407,
    0.4198891015602646,
    0.6051742151937652,
    0.7621620551276365,
    0.8835120444460229,
    0.963549992519223,
    0.9985334138511238,
    0.9868265225415261,
    0.9289767198167914,
    0.8276889981568906,
    0.6876994588534233,
    0.5155538571770216,
    0.3193015301359798,
    0.10811901842394192,
    -0.10811901842394168,
    -0.31930153013597995,
    -0.5155538571770218,
    -0.6876994588534234,
    -0.8276889981568905,
    -0.9289767198167914,
    -0.9868265225415261,
    -0.9985334138511238,
    -0.9635499925192229,
    -0.8835120444460228,
    -0.7621620551276362,
    -0.6051742151937649,
    -0.41988910156026493,
    -0.21497044021102438,
    -2.4492935982947064e-16
  ],
  "spatial_signature": [
    0.06438936201792479,
    0.03065970567345728,
    0.11069114584099203,
    -0.01990557290270945,
    -0.02129629999923409,
    -0.001922264368918853,
    0.016764032318479012,
    0.0438536198653954,
    -0.026444966374492677,
    -0.13605907438433404,
    -0.11837695000409468,
    -0.04508802731994347,
    0.004446514760461774,
    -0.01608427759672016,
    -0.015141406993020124,
    -0.037704638843809334,
    0.013873873635422836,
    -0.05422610322055859,
    0.014530440602077676,
    0.016114624531795442,
    -0.07393702221084103,
    0.021732203543693207,
    -0.01944098765290771,
    -0.016476253896210744,
    0.04936967705734485,
    0.03166408287614912,
    0.009897319741899158,
    0.03186018686754797,
    0.02276960662799584,
    -0.03688832226075836,
    0.021081174478870538,
    0.0590153116909696,
    0.021828488397920464,
    0.08687403586347404,
    0.023678617432761152,
    -0.08628406741057486,
    -0.0027088740512394766,
    -0.0339389310151944,
    -0.08464190392443839,
    0.06632797770765363,
    -0.012837665161089414,
    -0.01411844370141572,
    0.026131093562218044,
    -0.02208995055308142,
    0.00021765145427702346,
    -0.052453738930606564,
    -0.03002374477574629,
    0.026408542319735002,
    -0.036453955360155756,
    0.01130396925930133,
    0.04356344862087437,
    0.019439358365794676,
    0.012979628441483001,
    0.05856376635805363,
    0.07042023666821064,
    0.12019706766602097,
    -0.00023748710563374455,
    -0.0672836277916711,
    0.07694187476682247,
    -0.03481044023436549,
    0.014191950257229082,
    0.04652677558881184,
    -0.061085320193634746,
    0.08437451784741377,
    0.023193838613205574,
    0.03595111095961941,
    -0.06272952714176179,
    -0.03352464559129444,
    -0.082121983851778,
    0.042670288439036995,
    -0.0007171808675903234,
    -0.09112138589769005,
    0.033159075892918735,
    -0.01186534496847266,
    -0.011554225132292515,
    0.05356124817219999,
    0.0005017063765034663,
    -0.051336573792702865,
    -0.01940253416372108,
    -0.06596373036589326,
    -0.009510404894296852,
    -0.08734545171069631,
    0.009980036794625438,
    0.0711819025481251,
    0.03982371947374691,
    0.08393326844507171,
    -0.007380154368185059,
    -0.03549324241810683,
    -0.0023786728433863374,
    -0.04540595914836142,
    0.02777531497884706,
    0.002836017014565842,
    -0.039099179131504194,
    -0.010608492780388445,
    -0.046569126710776544,
    0.018113427264612892,
    -0.06668456605636157,
    -0.005231169841459543,
    0.04598129277494387,
    -0.0014773995612176825,
    -0.05714291598949408,
    -0.04533406478907165,
    0.051768909997089774,
    0.03539627810642418,
    0.028898760972349995,
    0.032841294009178,
    -0.002091795809950771,
    -0.036874660823745624,
    -0.016773791219961722,
    -0.002929072082208696,
    0.00814645679635584,
    0.016629839697900245,
    -0.04546858135104821,
    -0.03178404036245387,
    -0.012047866445663602,
    0.0526415516021508,
    0.018393769676442663,
    -0.011603604888483748,
    0.0002053492515587908,
    0.11222428614684933,
    0.10575676813632569,
    0.05623751645894038,
    0.09783109870740833,
    -0.06816116518985786,
    0.010663035178687526,
    0.018138789555759136,
    -0.02357379159321846,
    -0.032416258490662854,
    -0.017642998695981335,
    0.007404273617934074,
    -0.007572868380110141,
    0.10890861190326648,
    -0.026801877448709308,
    -0.021712600417555142,
    -0.028087628375880344,
    0.0192023174220738,
    0.01287943218001313,
    -0.0015023325198200415,
    -0.03707489559034202,
    0.04492178046372183,
    -0.03314966797725027,
    0.0018039774623590593,
    -0.018883492542772374,
    0.02380715435431362,
    0.013965937517915208,
    0.019231488305927094,
    -0.0009519149529191773,
    0.011618531724110669,
    -0.0010371595995962006,
    0.03912541812135473,
    0.037156617503811946,
    -0.04610471359546509,
    0.03198668885909636,
    -0.02303078985598849,
    -0.060092281407205114,
    -0.0029289964973994937,
    -0.01715454031779269,
    -0.02922202957710617,
    -0.010088092636373305,
    0.02382407152698736,
    -0.05406225118196937,
    -0.0725060008886909,
    0.039198529508340324,
    -0.020054113090580267,
    0.012187236704145081,
    0.031784530557366235,
    -0.028043594407809253,
    -0.010680562089925842,
    -0.002871097518694623,
    0.0017368995795231529,
    0.01566153661380868,
    0.051577131405661815,
    -0.02486411549341451,
    0.020774824260940017,
    -0.04106601786634789,
    -0.03895579829354917,
    0.07572587445749207,
    0.007532701598047892,
    -0.014792412014854307,
    -0.011849463581092004,
    -0.00823447146115563,
    -0.005697745624371158,
    -0.020926400192878815,
    -0.00900977503368232,
    0.03550154037912094,
    -0.060414757150657035,
    0.05016932572431827,
    0.05184272831346802,
    0.010222785104011116,
    -0.015519726441690442,
    -0.010511235870494007,
    0.061372567359050105,
    -0.03802948029329947,
    -0.006347128329795192,
    0.04076776174198401,
    0.025692531214722418,
    -0.008630596663562636,
    0.031119130570736297,
    0.05263700686345371,
    -0.11030996479878036,
    0.013961150081881847,
    -0.008570075869583445,
    0.03325946708723368,
    -0.060007698515230946,
    -0.03497037931044172,
    0.03682862153121938,
    -0.0038966709169279182,
    -0.009575784623496389,
    -0.03808986618587311,
    0.030828950639870564,
    -0.009421323550223437,
    0.05373425202983371,
    0.008299865649115992,
    0.02104314086096037,
    -0.03305087498868159,
    0.047139065116649136,
    0.003985251865121974,
    -0.06791120475402064,
    0.004478581525698172,
    -0.0380269917334786,
    -0.02428981219810274,
    -0.054278490948340856,
    -0.017141726831095116,
    -0.03963376242980099,
    0.06779677781193645,
    0.003180553406097195,
    0.00011742746464827949,
    -0.026907239638310116,
    -0.04797573287419788,
    -0.057433768640369566,
    -0.021263774760828767,
    -0.05828831260361797,
    -0.05547062432641362,
    -0.06981489339505695,
    -0.03359082389204021,
    0.03974874684030679,
    -0.07694064539406961,
    0.03422959816195463,
    -0.007830223762252056,
    -0.03242280483976383,
    0.021374800780930965,
    -0.02524193984426915,
    -0.030930040784506733,
    0.08177363084712422,
    -0.0020546438373190137,
    0.03780649445737605,
    0.02360544326330597,
    0.013761752512585096,
    -0.012319028495662843,
    0.06037114686772233,
    -0.029728341164808054,
    -0.020913914217186923,
    0.011843881157538377,
    0.058244645916238166,
    0.03573059048219392,
    -0.011357475664826302,
    -0.007461539442299083,
    -0.048381709606652314,
    -0.011303884746738527,
    -0.13802192979728445,
    -0.008493463655804551,
    0.03446049412642553,
    -0.02542532705312907,
    -0.026075279872549158,
    -0.016604431443070677,
    0.03967274018298169,
    0.03421771928318525,
    -0.08562328207281546,
    -0.016276196004489533,
    0.04700613874612811,
    0.04129930566899279,
